mz	intensity	rcdk_assignment_top	rcdk_top_mass	rcdk_all_outputs	formula	index	from_index	to_index
55.93837	0.795375	C2H4N2	56.03744813778	0.09907813777999763	C2H4N2	frag_0		
71.069	0.96319	C4H9N	71.0734992945	0.0044992944999933115	C4H9N	frag_1		
72.08144	100.0	C4H10N	72.08132432673	0.00011567327000250316	C4H10N	frag_2		
1.012439999999998	50.4816				H	loss_0	frag_2	frag_1
