mz	intensity	rcdk_assignment_top	rcdk_top_mass	rcdk_all_outputs	formula	index	from_index	to_index
42.03337	11.618257	C2H4N	42.03437413335	0.0010041333500012684	C2H4N	frag_0		
43.01625	8.713693	C2H3O	43.01838971626	0.0021397162600038655	C2H3O	frag_1		
44.04959	100.0	C2H6N	44.050024197810004	0.00043419781000153534	C2H6N	frag_2		
45.03584	49.170124	C2H5O	45.03403978072	0.0018002192799997374	C2H5O	frag_3		
2.016220000000004	55.80913				H2	loss_0	frag_2	frag_0
2.019590000000001	28.94191				H2	loss_1	frag_3	frag_1
