mz	intensity	rcdk_assignment_top	rcdk_top_mass	rcdk_all_outputs	formula	index	from_index	to_index
44.03126	4.675325	C2H4O	44.02621474849	0.005045251510004789	C2H4O	frag_0		
59.01513	100.0	C2H3O2	59.01330433583	0.001825664169999186	C2H3O2	frag_1		
71.01031	10.909091	C3H3O2	71.01330433583	0.0029943358299959755	C3H3O2	frag_2		
89.02264	10.909091	C3H5O3	89.02386901986	0.0012290198600055646	C3H5O3	frag_3		
44.99137999999999	7.79221				CHO2	loss_0	frag_3	frag_0
