mz	intensity	rcdk_assignment_top	rcdk_top_mass	rcdk_all_outputs	formula	index	from_index	to_index
182.95524	21.525	C6H4BrN2	182.95578573778	0.000545737779987121	C6H4BrN2	frag_0		
261.87357	57.9466666666667	C6H4Br2N2	261.87412333778	0.0005533377800475137	C6H4Br2N2	frag_1		
262.8814	5.15	C6H5Br2N2	262.88194837001004	0.0005483700100512579	C6H5Br2N2	frag_2		
78.91832999999997	39.73583				Br	loss_0	frag_1	frag_0
