mz	intensity	rcdk_assignment_top	rcdk_top_mass	rcdk_all_outputs	formula	index	from_index	to_index
102.04408	42.8571428571429	CH10O5	102.05282342014999	0.008743420149997405	CH10O5	frag_0		
124.04926	100.0	C3H8O5	124.03717335569	0.012086644310002725	C3H8O5	frag_1		
