mz	intensity	rcdk_assignment_top	rcdk_top_mass	rcdk_all_outputs	formula	index	from_index	to_index
113.07094	100.0	C5H9N2O	113.0714879185	0.0005479185000041298	C5H9N2O	frag_0		
113.08217	30.1	C4H9N4	113.08272130779	0.0005513077899905738	C4H9N4	frag_1		
130.09749	35.1233333333333	C5H12N3O	130.09803701962	0.0005470196200008104	C5H12N3O	frag_2		
155.09274	27.1	C6H11N4O	155.09328599181998	0.0005459918199903768	C6H11N4O	frag_3		
