mz	intensity	rcdk_assignment_top	rcdk_top_mass	rcdk_all_outputs	formula	index	from_index	to_index
153.04472	0.3	C10H5N2	153.04527317001	0.0005531700099936643	C10H5N2	frag_0		
155.02399	0.3	C9H3N2O	155.02453772512	0.0005477251200147748	C9H3N2O	frag_1		
181.03964	0.49	C11H5N2O	181.04018778958	0.0005477895799970156	C11H5N2O	frag_2		
27.99491999999998	0.395				CO	loss_0	frag_2	frag_0
26.015649999999994	0.395				C2H2	loss_1	frag_2	frag_1
