mz	intensity	rcdk_assignment_top	rcdk_top_mass	rcdk_all_outputs	formula	index	from_index	to_index
541.11292	100.0	C30H21O10	541.11347187253	0.0005518725299680227	C30H21O10	frag_0		
542.12075	35.86	C30H22O10	542.12129690476	0.0005469047599717669	C30H22O10	frag_1		
