mz	intensity	rcdk_assignment_top	rcdk_top_mass	rcdk_all_outputs	formula	index	from_index	to_index
142.06513	2.03	C10H8N	142.06567426227	0.0005442622699831645	C10H8N	frag_0		
169.07602	36.27	C11H9N2	169.07657329893	0.0005532989299865676	C11H9N2	frag_1		
184.11208	16.4	C13H14N	184.11262445565	0.0005444556500151521	C13H14N	frag_2		
211.12297	100.0	C14H15N2	211.12352349231	0.0005534923099901334	C14H15N2	frag_3		
27.01088999999999	19.15				CHN	loss_0	frag_1	frag_0
42.04694999999998	9.215				C3H6	loss_1	frag_2	frag_0
69.05784	51.015				C4H7N	loss_2	frag_3	frag_0
42.04695000000001	68.135				C3H6	loss_3	frag_3	frag_1
27.010890000000018	58.2				CHN	loss_4	frag_3	frag_2
