mz	intensity	rcdk_assignment_top	rcdk_top_mass	rcdk_all_outputs	formula	index	from_index	to_index
127.03897	1.81	C6H7O3	127.03951908432	0.0005490843199993378	C6H7O3	frag_0		
145.04953	3.14	C6H9O4	145.05008376835002	0.0005537683500165258	C6H9O4	frag_1		
317.06558	78.4233333333333	C16H13O7	317.06612775598	0.0005477559799942355	C16H13O7	frag_2		
479.1184	42.38	C22H23O12	479.11895117613005	0.0005511761300454054	C22H23O12	frag_3		
18.010559999999998	2.475				H2O	loss_0	frag_1	frag_0
190.02661	40.11667				C10H6O4	loss_1	frag_2	frag_0
352.07943	22.095				C16H16O9	loss_2	frag_3	frag_0
172.01605	40.78167				C10H4O3	loss_3	frag_2	frag_1
334.06887	22.76				C16H14O8	loss_4	frag_3	frag_1
