mz	intensity	rcdk_assignment_top	rcdk_top_mass	rcdk_all_outputs	formula	index	from_index	to_index
235.08659	1.62	C15H11N2O	235.08713798296	0.0005479829600005814	C15H11N2O	frag_0		
253.10118	15.23	C20H13	253.10172541899	0.0005454189899865014	C20H13	frag_1		
262.09749	0.55	C16H12N3O	262.09803701962	0.0005470196200008104	C16H12N3O	frag_2		
292.11208	37.37	C22H14N	292.11262445565	0.0005444556500151521	C22H14N	frag_3		
302.12879	0.2	C19H16N3O	302.12933714854	0.0005471485400221354	C19H16N3O	frag_4		
320.14338	100.0	C24H18N	320.14392458457	0.0005445845700364771	C24H18N	frag_5		
39.01089999999999	26.3				C2HN	loss_0	frag_3	frag_1
67.04219999999998	57.615				C4H5N	loss_1	frag_5	frag_1
28.031299999999987	68.685				C2H4	loss_2	frag_5	frag_3
