mz	intensity	rcdk_assignment_top	rcdk_top_mass	rcdk_all_outputs	formula	index	from_index	to_index
245.08217	4.05	C15H9N4	245.08272130779	0.0005513077900047847	C15H9N4	frag_0		
272.09307	2.6	C16H10N5	272.09362034444996	0.0005503444499481702	C16H10N5	frag_1		
326.0731	0.76	C22H13ClN	326.07365210542	0.0005521054200130493	C22H13ClN	frag_2		
353.084	100.0	C23H14ClN2	353.08455114208	0.0005511420799848565	C23H14ClN2	frag_3		
27.010899999999992	50.38				CHN	loss_0	frag_3	frag_2
