mz	intensity	rcdk_assignment_top	rcdk_top_mass	rcdk_all_outputs	formula	index	from_index	to_index
146.09643	12.0	C10H12N	146.09697439119	0.0005443911900044895	C10H12N	frag_0		
236.06205	100.0	C19H8	236.06260025784	0.0005502578399898539	C19H8	frag_1		
