mz	intensity	rcdk_assignment_top	rcdk_top_mass	rcdk_all_outputs	formula	index	from_index	to_index
219.09168	7.12	C15H11N2	219.09222336339	0.000543363389994056	C15H11N2	frag_0		
250.11006	75.37	C16H14N2O	250.11061307965	0.0005530796499897406	C16H14N2O	frag_1		
251.11789	100.0	C16H15N2O	251.11843811187998	0.0005481118799934848	C16H15N2O	frag_2		
31.018380000000008	41.245				CH3O	loss_0	frag_1	frag_0
32.02620999999999	53.56				CH4O	loss_1	frag_2	frag_0
1.0078299999999842	87.685				H	loss_2	frag_2	frag_1
