mz	intensity	rcdk_assignment_top	rcdk_top_mass	rcdk_all_outputs	formula	index	from_index	to_index
41.03858	2.76	C3H5	41.03912516115	0.0005451611499935893	C3H5	frag_0		
99.08044	1.38	C6H11O	99.08098997409999	0.0005499740999965752	C6H11O	frag_1		
