mz	intensity	rcdk_assignment_top	rcdk_top_mass	rcdk_all_outputs	formula	index	from_index	to_index
54.01394	19.546723	C3H2O	54.01056468403	0.0033753159699969615	C3H2O	frag_0		
63.05909	19.288096	C2H7O2	63.04460446475	0.014485535249995962	C2H7O2	frag_1		
72.08147	25.849044	C3H6NO	72.04493881738	0.03653118261999566	C3H6NO	frag_2		
18.067529999999998	22.69788				H4N	loss_0	frag_2	frag_0
