mz	intensity	rcdk_assignment_top	rcdk_top_mass	rcdk_all_outputs	formula	index	from_index	to_index
242.09757	100.0	C15H13FNO	242.09811720572	0.0005472057200108793	C15H13FNO	frag_0		
335.15542	1.25	C21H20FN2O	335.15596643576	0.0005464357599862524	C21H20FN2O	frag_1		
