mz	intensity	rcdk_assignment_top	rcdk_top_mass	rcdk_all_outputs	formula	index	from_index	to_index
55.01784	100.0	C3H3O	55.01838971626	0.0005497162600036631	C3H3O	frag_0		
71.04914	1.42	C4H7O	71.04968984518	0.0005498451800036719	C4H7O	frag_1		
