mz	intensity	rcdk_assignment_top	rcdk_top_mass	rcdk_all_outputs	formula	index	from_index	to_index
55.01784	0.83	C3H3O	55.01838971626	0.0005497162600036631	C3H3O	frag_0		
72.02058	0.66	C3H4O2	72.02112936806	0.0005493680600068274	C3H4O2	frag_1		
87.08044	1.49	C5H11O	87.08098997409999	0.0005499740999965752	C5H11O	frag_2		
101.05971	0.54	C5H9O2	101.06025452921	0.0005445292100034749	C5H9O2	frag_3		
32.062599999999996	1.16				C2H8	loss_0	frag_2	frag_0
