mz	intensity	rcdk_assignment_top	rcdk_top_mass	rcdk_all_outputs	formula	index	from_index	to_index
58.06595	25.517803	C2H4NO	58.02928875292	0.03666124707999785	C2H4NO	frag_0		
60.10081	19.385618	C2H6NO	60.04493881738	0.05587118262000246	C2H6NO	frag_1		
